{"ad":[273,-8864.04296875],"ae":[9830,-4661.30859375],"af":[11832,-6594.98046875],"ag":[-11251,-3261.77734375],"ai":[-11500,-3498.828125],"al":[3640,-8485.17578125],"am":[8192,-8237.7734375],"an":[-12516,-2327.03125],"ao":[3367,2373.61328125],"ap":[19114,-7049.4140625],"aq":[0,null],"ar":[-11651,6819.609375],"as":[-30948,2728.671875],"at":[2427,-10151.77734375],"au":[24211,5286.54296875],"aw":[-12738,-2374.6484375],"az":[8647,-8360.95703125],"ba":[3276,-9252.2265625],"bb":[-10838,-2504.04296875],"bd":[16384,-4661.30859375],"be":[728,-11158.984375],"bf":[-365,-2471.953125],"bg":[4551,-8992.40234375],"bh":[9202,-5077.44140625],"bi":[5461,659.39453125],"bj":[409,-1799.1015625],"bm":[-11788,-6444.8828125],"bn":[20874,-849.86328125],"bo":[-11833,3251.42578125],"br":[-10013,1893.30078125],"bs":[-13836,-4713.06640625],"bt":[16475,-5394.19921875],"bv":[618,12276.953125],"bw":[4369,4251.38671875],"by":[5097,-11821.484375],"bz":[-16157,-3301.11328125],"ca":[-17295,-14219.94140625],"cc":[17627,2373.61328125],"cd":[4551,0],"cf":[3822,-1322.9296875],"cg":[2730,188.3984375],"ch":[1456,-10059.6484375],"ci":[-911,-1513.3984375],"ck":[-29085,4096.11328125],"cl":[-12926,5930.41015625],"cm":[2184,-1133.49609375],"cn":[19114,-7049.4140625],"co":[-13108,-754.62890625],"cr":[-15292,-1894.3359375],"cu":[-14564,-4150.9765625],"cv":[-4370,-3055.78125],"cx":[19236,1989.5703125],"cy":[6007,-7049.4140625],"cz":[2821,-10840.15625],"de":[1638,-11209.70703125],"dj":[7827,-2182.109375],"dk":[1820,-12795.56640625],"dm":[-11166,-2941.9140625],"do":[-12865,-3648.92578125],"dz":[546,-5500.8203125],"ec":[-14109,376.796875],"ee":[4733,-13848.3203125],"eg":[5461,-5287.578125],"eh":[-2367,-4764.82421875],"er":[7099,-2860.13671875],"es":[-729,-8237.7734375],"et":[6917,-1513.3984375],"eu":[1456,-10059.6484375],"fi":[4733,-15827.5390625],"fj":[31857,3449.140625],"fk":[-10741,11434.3359375],"fm":[28808,-1307.40234375],"fo":[-1275,-14997.34375],"fr":[364,-9785.33203125],"ga":[2139,188.3984375],"gb":[-365,-12138.2421875],"gd":[-11227,-2301.15234375],"ge":[7918,-8736.71875],"gf":[-9649,-754.62890625],"gh":[-365,-1513.3984375],"gi":[-977,-7323.73046875],"gl":[-7282,-19896.73828125],"gm":[-3016,-2562.01171875],"gn":[-1821,-2085.83984375],"gp":[-11211,-3104.43359375],"gq":[1820,-377.83203125],"gr":[4004,-7993.4765625],"gs":[-6736,12298.69140625],"gt":[-16430,-2957.44140625],"gu":[26356,-2562.01171875],"gw":[-2731,-2278.37890625],"gy":[-10741,-944.0625],"hk":[20783,-4303.14453125],"hm":[13201,11851.50390625],"hn":[-15747,-2860.13671875],"hr":[2821,-9561.73828125],"ht":[-13184,-3648.92578125],"hu":[3640,-10059.6484375],"id":[21845,943.02734375],"ie":[-1457,-11821.484375],"il":[6326,-6260.625],"in":[14017,-3848.7109375],"io":[13016,1132.4609375],"iq":[8009,-6594.98046875],"ir":[9648,-6371.38671875],"is":[-3277,-16265.41015625],"it":[2336,-8949.9609375],"jm":[-14109,-3498.828125],"jo":[6553,-6149.86328125],"jp":[25122,-7280.25390625],"ke":[6917,-189.43359375],"kg":[13653,-8485.17578125],"kh":[19114,-2471.953125],"ki":[31493,-267.0703125],"km":[8055,2309.43359375],"kn":[-11424,-3317.67578125],"kp":[23119,-8237.7734375],"kr":[23210,-7515.234375],"kw":[8675,-5787.55859375],"ky":[-14655,-3748.30078125],"kz":[12379,-10338.10546875],"la":[19114,-3450.17578125],"lb":[6523,-6782.34375],"lc":[-11129,-2642.75390625],"li":[1735,-10105.1953125],"lk":[14745,-1322.9296875],"lr":[-1730,-1227.6953125],"ls":[5188,5821.71875],"lt":[4369,-12795.56640625],"lu":[1122,-10840.15625],"lv":[4551,-13137.16796875],"ly":[3094,-4868.33984375],"ma":[-911,-6371.38671875],"mc":[1347,-9182.87109375],"md":[5279,-10059.6484375],"me":[3458,-8736.71875],"mg":[8556,3847.67578125],"mh":[30583,-1703.8671875],"mk":[4004,-8695.3125],"ml":[-729,-3252.4609375],"mm":[17840,-4252.421875],"mn":[19114,-9785.33203125],"mo":[20671,-4285.546875],"mp":[26532,-2899.47265625],"mq":[-11105,-2794.921875],"mr":[-2185,-3848.7109375],"ms":[-11324,-3202.7734375],"mt":[2654,-7241.953125],"mu":[10476,3904.609375],"mv":[13289,-612.8125],"mw":[6189,2567.1875],"mx":[-18569,-4456.34765625],"my":[20480,-472.03125],"mz":[6371,3497.79296875],"na":[3094,4251.38671875],"nc":[30128,4149.94140625],"ne":[1456,-3055.78125],"nf":[30574,5721.30859375],"ng":[1456,-1894.3359375],"ni":[-15474,-2471.953125],"nl":[1046,-11666.2109375],"no":[1820,-14997.34375],"np":[15291,-5500.8203125],"nr":[30386,100.41015625],"nu":[-30924,3654.1015625],"nz":[31675,8484.140625],"om":[10376,-4049.53125],"pa":[-14564,-1703.8671875],"pe":[-13836,1893.30078125],"pf":[-25487,2859.1015625],"pg":[26760,1132.4609375],"ph":[22209,-2471.953125],"pk":[12743,-5931.4453125],"pl":[3640,-11511.97265625],"pm":[-10256,-10013.06640625],"pr":[-12106,-3498.828125],"ps":[6417,-6371.38671875],"pt":[-1457,-8115.625],"pw":[24484,-1418.1640625],"py":[-10559,4455.3125],"qa":[9329,-4972.890625],"re":[10121,4069.19921875],"ro":[4551,-9785.33203125],"rs":[3822,-9252.2265625],"ru":[18204,-14219.94140625],"rw":[5461,376.796875],"sa":[8192,-4868.33984375],"sb":[28945,1512.36328125],"sc":[10133,864.35546875],"sd":[5461,-2860.13671875],"se":[2730,-14997.34375],"sg":[18896,-257.75390625],"sh":[-1038,3041.2890625],"si":[2730,-9785.33203125],"sj":[3640,-24324.1015625],"sk":[3549,-10527.5390625],"sl":[-2094,-1608.6328125],"sm":[2260,-9191.15234375],"sn":[-2549,-2665.52734375],"so":[8920,-1894.3359375],"sr":[-10195,-754.62890625],"st":[1274,-189.43359375],"sv":[-16187,-2633.4375],"sy":[6917,-7049.4140625],"sz":[5734,5180.95703125],"tc":[-13032,-4201.69921875],"td":[3458,-2860.13671875],"tf":[12196,8991.3671875],"tg":[212,-1513.3984375],"th":[18204,-2860.13671875],"tj":[12925,-7993.4765625],"tk":[-31312,1702.83203125],"tm":[10922,-8237.7734375],"tn":[1638,-6820.64453125],"to":[-31858,3847.67578125],"tr":[6371,-7993.4765625],"tt":[-11105,-2085.83984375],"tv":[32403,1512.36328125],"tw":[22027,-4558.828125],"tz":[6371,1132.4609375],"ua":[5825,-10622.7734375],"ug":[5825,-189.43359375],"um":[30328,-3704.82421875],"us":[-17659,-7752.28515625],"uy":[-10195,6593.9453125],"uz":[11650,-8485.17578125],"va":[2266,-8711.875],"vc":[-11142,-2519.5703125],"ve":[-12015,-1513.3984375],"vg":[-11742,-3548.515625],"vi":[-11803,-3515.390625],"vn":[19296,-3055.78125],"vu":[30401,3054.74609375],"wf":[-32077,2528.88671875],"ws":[-31373,2583.75],"ye":[8738,-2860.13671875],"yt":[8222,2438.828125],"za":[4369,5714.0625],"zm":[5461,2859.1015625],"zw":[5461,3847.67578125]}